customer_key,customer_id,full_name,email,active,address,district,city,country
1,1,MARY SMITH,MARY.SMITH@sakilacustomer.org,1,1913 Hanoi Way,Nagasaki,Sasebo,Japan
2,2,PATRICIA JOHNSON,PATRICIA.JOHNSON@sakilacustomer.org,1,1121 Loja Avenue,California,San Bernardino,United States
3,3,LINDA WILLIAMS,LINDA.WILLIAMS@sakilacustomer.org,1,692 Joliet Street,Attika,Athenai,Greece
4,4,BARBARA JONES,BARBARA.JONES@sakilacustomer.org,1,1566 Inegl Manor,Mandalay,Myingyan,Myanmar
5,5,ELIZABETH BROWN,ELIZABETH.BROWN@sakilacustomer.org,1,53 Idfu Parkway,Nantou,Nantou,Taiwan
6,6,JENNIFER DAVIS,JENNIFER.DAVIS@sakilacustomer.org,1,1795 Santiago de Compostela Way,Texas,Laredo,United States
7,7,MARIA MILLER,MARIA.MILLER@sakilacustomer.org,1,900 Santiago de Compostela Parkway,Central Serbia,Kragujevac,Yugoslavia
8,8,SUSAN WILSON,SUSAN.WILSON@sakilacustomer.org,1,478 Joliet Way,Hamilton,Hamilton,New Zealand
9,9,MARGARET MOORE,MARGARET.MOORE@sakilacustomer.org,1,613 Korolev Drive,Masqat,Masqat,Oman
10,10,DOROTHY TAYLOR,DOROTHY.TAYLOR@sakilacustomer.org,1,1531 Sal Drive,Esfahan,Esfahan,Iran
11,11,LISA ANDERSON,LISA.ANDERSON@sakilacustomer.org,1,1542 Tarlac Parkway,Kanagawa,Sagamihara,Japan
12,12,NANCY THOMAS,NANCY.THOMAS@sakilacustomer.org,1,808 Bhopal Manor,Haryana,Yamuna Nagar,India
13,13,KAREN JACKSON,KAREN.JACKSON@sakilacustomer.org,1,270 Amroha Parkway,Osmaniye,Osmaniye,Turkey
14,14,BETTY WHITE,BETTY.WHITE@sakilacustomer.org,1,770 Bydgoszcz Avenue,California,Citrus Heights,United States
15,15,HELEN HARRIS,HELEN.HARRIS@sakilacustomer.org,1,419 Iligan Lane,Madhya Pradesh,Bhopal,India
16,16,SANDRA MARTIN,SANDRA.MARTIN@sakilacustomer.org,0,360 Toulouse Parkway,England,Southend-on-Sea,United Kingdom
17,17,DONNA THOMPSON,DONNA.THOMPSON@sakilacustomer.org,1,270 Toulon Boulevard,Kalmykia,Elista,Russian Federation
18,18,CAROL GARCIA,CAROL.GARCIA@sakilacustomer.org,1,320 Brest Avenue,Kaduna,Kaduna,Nigeria
19,19,RUTH MARTINEZ,RUTH.MARTINEZ@sakilacustomer.org,1,1417 Lancaster Avenue,Northern Cape,Kimberley,South Africa
20,20,SHARON ROBINSON,SHARON.ROBINSON@sakilacustomer.org,1,1688 Okara Way,Nothwest Border Prov,Mardan,Pakistan
21,21,MICHELLE CLARK,MICHELLE.CLARK@sakilacustomer.org,1,262 A Corua (La Corua) Parkway,Dhaka,Tangail,Bangladesh
22,22,LAURA RODRIGUEZ,LAURA.RODRIGUEZ@sakilacustomer.org,1,28 Charlotte Amalie Street,Rabat-Sal-Zammour-Z,Salé,Morocco
23,23,SARAH LEWIS,SARAH.LEWIS@sakilacustomer.org,1,1780 Hino Boulevard,Liepaja,Liepaja,Latvia
24,24,KIMBERLY LEE,KIMBERLY.LEE@sakilacustomer.org,1,96 Tafuna Way,Córdoba,Córdoba,Argentina
25,25,DEBORAH WALKER,DEBORAH.WALKER@sakilacustomer.org,1,934 San Felipe de Puerto Plata Street,Sind,Shikarpur,Pakistan
26,26,JESSICA HALL,JESSICA.HALL@sakilacustomer.org,1,18 Duisburg Boulevard,,Città del Vaticano,Holy See (Vatican City State)
27,27,SHIRLEY ALLEN,SHIRLEY.ALLEN@sakilacustomer.org,1,217 Botshabelo Place,Southern Mindanao,Davao,Philippines
28,28,CYNTHIA YOUNG,CYNTHIA.YOUNG@sakilacustomer.org,1,1425 Shikarpur Manor,Bihar,Munger (Monghyr),India
29,29,ANGELA HERNANDEZ,ANGELA.HERNANDEZ@sakilacustomer.org,1,786 Aurora Avenue,Yamaguchi,Shimonoseki,Japan
30,30,MELISSA KING,MELISSA.KING@sakilacustomer.org,1,1668 Anpolis Street,Taipei,Lungtan,Taiwan
31,31,BRENDA WRIGHT,BRENDA.WRIGHT@sakilacustomer.org,1,33 Gorontalo Way,West Bengali,Kamarhati,India
32,32,AMY LOPEZ,AMY.LOPEZ@sakilacustomer.org,1,176 Mandaluyong Place,Uttar Pradesh,Jhansi,India
33,33,ANNA HILL,ANNA.HILL@sakilacustomer.org,1,127 Purnea (Purnia) Manor,Piemonte,Alessandria,Italy
34,34,REBECCA SCOTT,REBECCA.SCOTT@sakilacustomer.org,1,61 Tama Street,Okayama,Kurashiki,Japan
35,35,VIRGINIA GREEN,VIRGINIA.GREEN@sakilacustomer.org,1,391 Callao Drive,Midi-Pyrnes,Toulouse,France
36,36,KATHLEEN ADAMS,KATHLEEN.ADAMS@sakilacustomer.org,1,334 Munger (Monghyr) Lane,Markazi,Arak,Iran
37,37,PAMELA BAKER,PAMELA.BAKER@sakilacustomer.org,1,1440 Fukuyama Loop,Henan,Nanyang,China
38,38,MARTHA GONZALEZ,MARTHA.GONZALEZ@sakilacustomer.org,1,269 Cam Ranh Parkway,Chisinau,Chisinau,Moldova
39,39,DEBRA NELSON,DEBRA.NELSON@sakilacustomer.org,1,306 Antofagasta Place,Esprito Santo,Vila Velha,Brazil
40,40,AMANDA CARTER,AMANDA.CARTER@sakilacustomer.org,1,671 Graz Street,Oriental,Nador,Morocco
41,41,STEPHANIE MITCHELL,STEPHANIE.MITCHELL@sakilacustomer.org,1,42 Brindisi Place,Yerevan,Yerevan,Armenia
42,42,CAROLYN PEREZ,CAROLYN.PEREZ@sakilacustomer.org,1,1632 Bislig Avenue,Nonthaburi,Pak Kret,Thailand
43,43,CHRISTINE ROBERTS,CHRISTINE.ROBERTS@sakilacustomer.org,1,1447 Imus Way,Tahiti,Faaa,French Polynesia
44,44,MARIE TURNER,MARIE.TURNER@sakilacustomer.org,1,1998 Halifax Drive,Lipetsk,Lipetsk,Russian Federation
45,45,JANET PHILLIPS,JANET.PHILLIPS@sakilacustomer.org,1,1718 Valencia Street,Antofagasta,Antofagasta,Chile
46,46,CATHERINE CAMPBELL,CATHERINE.CAMPBELL@sakilacustomer.org,1,46 Pjatigorsk Lane,Moscow (City),Moscow,Russian Federation
47,47,FRANCES PARKER,FRANCES.PARKER@sakilacustomer.org,1,686 Garland Manor,Cear,Juazeiro do Norte,Brazil
48,48,ANN EVANS,ANN.EVANS@sakilacustomer.org,1,909 Garland Manor,Tatarstan,Niznekamsk,Russian Federation
49,49,JOYCE EDWARDS,JOYCE.EDWARDS@sakilacustomer.org,1,725 Isesaki Place,Mekka,Jedda,Saudi Arabia
50,50,DIANE COLLINS,DIANE.COLLINS@sakilacustomer.org,1,115 Hidalgo Parkway,Khartum,Omdurman,Sudan
51,51,ALICE STEWART,ALICE.STEWART@sakilacustomer.org,1,1135 Izumisano Parkway,California,Fontana,United States
52,52,JULIE SANCHEZ,JULIE.SANCHEZ@sakilacustomer.org,1,939 Probolinggo Loop,Galicia,A Coruña (La Coruña),Spain
53,53,HEATHER MORRIS,HEATHER.MORRIS@sakilacustomer.org,1,17 Kabul Boulevard,Chiba,Nagareyama,Japan
54,54,TERESA ROGERS,TERESA.ROGERS@sakilacustomer.org,1,1964 Allappuzha (Alleppey) Street,Yamaguchi,Iwakuni,Japan
55,55,DORIS REED,DORIS.REED@sakilacustomer.org,1,1697 Kowloon and New Kowloon Loop,Moskova,Balašiha,Russian Federation
56,56,GLORIA COOK,GLORIA.COOK@sakilacustomer.org,1,1668 Saint Louis Place,Tahiti,Papeete,French Polynesia
57,57,EVELYN MORGAN,EVELYN.MORGAN@sakilacustomer.org,1,943 Tokat Street,Vaduz,Vaduz,Liechtenstein
58,58,JEAN BELL,JEAN.BELL@sakilacustomer.org,1,1114 Liepaja Street,Sarawak,Kuching,Malaysia
59,59,CHERYL MURPHY,CHERYL.MURPHY@sakilacustomer.org,1,1213 Ranchi Parkway,Karnataka,Mysore,India
60,60,MILDRED BAILEY,MILDRED.BAILEY@sakilacustomer.org,1,81 Hodeida Way,Rajasthan,Jaipur,India
61,61,KATHERINE RIVERA,KATHERINE.RIVERA@sakilacustomer.org,1,915 Ponce Place,Basel-Stadt,Basel,Switzerland
62,62,JOAN COOPER,JOAN.COOPER@sakilacustomer.org,1,1717 Guadalajara Lane,Missouri,Saint Louis,United States
63,63,ASHLEY RICHARDSON,ASHLEY.RICHARDSON@sakilacustomer.org,1,1214 Hanoi Way,Nebraska,Lincoln,United States
64,64,JUDITH COX,JUDITH.COX@sakilacustomer.org,0,1966 Amroha Avenue,Sichuan,Daxian,China
65,65,ROSE HOWARD,ROSE.HOWARD@sakilacustomer.org,1,698 Otsu Street,Cayenne,Cayenne,French Guiana
66,66,JANICE WARD,JANICE.WARD@sakilacustomer.org,1,1150 Kimchon Manor,Skne ln,Malmö,Sweden
67,67,KELLY TORRES,KELLY.TORRES@sakilacustomer.org,1,1586 Guaruj Place,Hunan,Xi´angtan,China
68,68,NICOLE PETERSON,NICOLE.PETERSON@sakilacustomer.org,1,57 Arlington Manor,Madhya Pradesh,Shivapuri,India
69,69,JUDY GRAY,JUDY.GRAY@sakilacustomer.org,1,1031 Daugavpils Parkway,Béchar,Béchar,Algeria
70,70,CHRISTINA RAMIREZ,CHRISTINA.RAMIREZ@sakilacustomer.org,1,1124 Buenaventura Drive,Mekka,al-Hawiya,Saudi Arabia
71,71,KATHY JAMES,KATHY.JAMES@sakilacustomer.org,1,492 Cam Ranh Street,Eastern Visayas,Baybay,Philippines
72,72,THERESA WATSON,THERESA.WATSON@sakilacustomer.org,1,89 Allappuzha (Alleppey) Manor,National Capital Reg,Taguig,Philippines
73,73,BEVERLY BROOKS,BEVERLY.BROOKS@sakilacustomer.org,1,1947 Poos de Caldas Boulevard,Chiayi,Chiayi,Taiwan
74,74,DENISE KELLY,DENISE.KELLY@sakilacustomer.org,1,1206 Dos Quebradas Place,São Paulo,Rio Claro,Brazil
75,75,TAMMY SANDERS,TAMMY.SANDERS@sakilacustomer.org,1,1551 Rampur Lane,Changhwa,Changhwa,Taiwan
76,76,IRENE PRICE,IRENE.PRICE@sakilacustomer.org,1,602 Paarl Street,Pavlodar,Pavlodar,Kazakstan
77,77,JANE BENNETT,JANE.BENNETT@sakilacustomer.org,1,1692 Ede Loop,São Paulo,Araçatuba,Brazil
78,78,LORI WOOD,LORI.WOOD@sakilacustomer.org,1,936 Salzburg Lane,Uttar Pradesh,Rae Bareli,India
79,79,RACHEL BARNES,RACHEL.BARNES@sakilacustomer.org,1,586 Tete Way,Kanagawa,Kamakura,Japan
80,80,MARILYN ROSS,MARILYN.ROSS@sakilacustomer.org,1,1888 Kabul Drive,Oyo & Osun,Ife,Nigeria
81,81,ANDREA HENDERSON,ANDREA.HENDERSON@sakilacustomer.org,1,320 Baiyin Parkway,Mahajanga,Mahajanga,Madagascar
82,82,KATHRYN COLEMAN,KATHRYN.COLEMAN@sakilacustomer.org,1,927 Baha Blanca Parkway,Krim,Simferopol,Ukraine
83,83,LOUISE JENKINS,LOUISE.JENKINS@sakilacustomer.org,1,929 Tallahassee Loop,Gauteng,Springs,South Africa
84,84,SARA PERRY,SARA.PERRY@sakilacustomer.org,1,125 Citt del Vaticano Boulevard,Puebla,Atlixco,Mexico
85,85,ANNE POWELL,ANNE.POWELL@sakilacustomer.org,1,1557 Ktahya Boulevard,England,Bradford,United Kingdom
86,86,JACQUELINE LONG,JACQUELINE.LONG@sakilacustomer.org,1,870 Ashqelon Loop,Songkhla,Songkhla,Thailand
87,87,WANDA PATTERSON,WANDA.PATTERSON@sakilacustomer.org,1,1740 Portoviejo Avenue,Sucre,Sincelejo,Colombia
88,88,BONNIE HUGHES,BONNIE.HUGHES@sakilacustomer.org,1,1942 Ciparay Parkway,Cheju,Cheju,South Korea
89,89,JULIA FLORES,JULIA.FLORES@sakilacustomer.org,1,1926 El Alto Avenue,Buenos Aires,La Plata,Argentina
90,90,RUBY WASHINGTON,RUBY.WASHINGTON@sakilacustomer.org,1,1952 Chatsworth Drive,Guangdong,Meixian,China
91,91,LOIS BUTLER,LOIS.BUTLER@sakilacustomer.org,1,1370 Le Mans Avenue,Brunei and Muara,Bandar Seri Begawan,Brunei
92,92,TINA SIMMONS,TINA.SIMMONS@sakilacustomer.org,1,984 Effon-Alaiye Avenue,Gois,Goiânia,Brazil
93,93,PHYLLIS FOSTER,PHYLLIS.FOSTER@sakilacustomer.org,1,832 Nakhon Sawan Manor,Inner Mongolia,Zalantun,China
94,94,NORMA GONZALES,NORMA.GONZALES@sakilacustomer.org,1,152 Kitwe Parkway,Caraga,Bislig,Philippines
95,95,PAULA BRYANT,PAULA.BRYANT@sakilacustomer.org,1,1697 Tanauan Lane,Punjab,Pathankot,India
96,96,DIANA ALEXANDER,DIANA.ALEXANDER@sakilacustomer.org,1,1308 Arecibo Way,Georgia,Augusta-Richmond County,United States
97,97,ANNIE RUSSELL,ANNIE.RUSSELL@sakilacustomer.org,1,1599 Plock Drive,Tete,Tete,Mozambique
98,98,LILLIAN GRIFFIN,LILLIAN.GRIFFIN@sakilacustomer.org,1,669 Firozabad Loop,Abu Dhabi,al-Ayn,United Arab Emirates
99,99,EMILY DIAZ,EMILY.DIAZ@sakilacustomer.org,1,588 Vila Velha Manor,Kyongsangbuk,Kimchon,South Korea
100,100,ROBIN HAYES,ROBIN.HAYES@sakilacustomer.org,1,1913 Kamakura Place,Lipetsk,Jelets,Russian Federation
101,101,PEGGY MYERS,PEGGY.MYERS@sakilacustomer.org,1,733 Mandaluyong Place,Asir,Abha,Saudi Arabia
102,102,CRYSTAL FORD,CRYSTAL.FORD@sakilacustomer.org,1,659 Vaduz Drive,Ha Darom,Ashdod,Israel
103,103,GLADYS HAMILTON,GLADYS.HAMILTON@sakilacustomer.org,1,1177 Jelets Way,Kwara & Kogi,Ilorin,Nigeria
104,104,RITA GRAHAM,RITA.GRAHAM@sakilacustomer.org,1,1386 Yangor Avenue,Provence-Alpes-Cte,Toulon,France
105,105,DAWN SULLIVAN,DAWN.SULLIVAN@sakilacustomer.org,1,454 Nakhon Sawan Boulevard,Funafuti,Funafuti,Tuvalu
106,106,CONNIE WALLACE,CONNIE.WALLACE@sakilacustomer.org,1,1867 San Juan Bautista Tuxtepec Avenue,Ivanovo,Ivanovo,Russian Federation
107,107,FLORENCE WOODS,FLORENCE.WOODS@sakilacustomer.org,1,1532 Dzerzinsk Way,Buenos Aires,Merlo,Argentina
108,108,TRACY COLE,TRACY.COLE@sakilacustomer.org,1,1002 Ahmadnagar Manor,Mxico,Huixquilucan,Mexico
109,109,EDNA WEST,EDNA.WEST@sakilacustomer.org,1,682 Junan Way,North West,Klerksdorp,South Africa
110,110,TIFFANY JORDAN,TIFFANY.JORDAN@sakilacustomer.org,1,804 Elista Drive,Hubei,Enshi,China
111,111,CARMEN OWENS,CARMEN.OWENS@sakilacustomer.org,1,1378 Alvorada Avenue,Distrito Federal,Caracas,Venezuela
112,112,ROSA REYNOLDS,ROSA.REYNOLDS@sakilacustomer.org,1,793 Cam Ranh Avenue,California,Lancaster,United States
113,113,CINDY FISHER,CINDY.FISHER@sakilacustomer.org,1,1079 Tel Aviv-Jaffa Boulevard,Sucre,Cumaná,Venezuela
114,114,GRACE ELLIS,GRACE.ELLIS@sakilacustomer.org,1,442 Rae Bareli Place,Nordrhein-Westfalen,Duisburg,Germany
115,115,WENDY HARRISON,WENDY.HARRISON@sakilacustomer.org,1,1107 Nakhon Sawan Avenue,Mxico,Nezahualcóyotl,Mexico
116,116,VICTORIA GIBSON,VICTORIA.GIBSON@sakilacustomer.org,1,544 Malm Parkway,Central Java,Pemalang,Indonesia
117,117,EDITH MCDONALD,EDITH.MCDONALD@sakilacustomer.org,1,1967 Sincelejo Place,Gujarat,Gandhinagar,India
118,118,KIM CRUZ,KIM.CRUZ@sakilacustomer.org,1,333 Goinia Way,Texas,Grand Prairie,United States
119,119,SHERRY MARSHALL,SHERRY.MARSHALL@sakilacustomer.org,1,1987 Coacalco de Berriozbal Loop,al-Qalyubiya,Shubra al-Khayma,Egypt
120,120,SYLVIA ORTIZ,SYLVIA.ORTIZ@sakilacustomer.org,1,241 Mosul Lane,Risaralda,Dos Quebradas,Colombia
121,121,JOSEPHINE GOMEZ,JOSEPHINE.GOMEZ@sakilacustomer.org,1,211 Chiayi Drive,Uttar Pradesh,Etawah,India
122,122,THELMA MURRAY,THELMA.MURRAY@sakilacustomer.org,1,1175 Tanauan Way,Lima,Lima,Peru
123,123,SHANNON FREEMAN,SHANNON.FREEMAN@sakilacustomer.org,1,117 Boa Vista Way,Uttar Pradesh,Varanasi (Benares),India
124,124,SHEILA WELLS,SHEILA.WELLS@sakilacustomer.org,0,848 Tafuna Manor,Kütahya,Kütahya,Turkey
125,125,ETHEL WEBB,ETHEL.WEBB@sakilacustomer.org,1,569 Baicheng Lane,Gauteng,Boksburg,South Africa
126,126,ELLEN SIMPSON,ELLEN.SIMPSON@sakilacustomer.org,1,1666 Qomsheh Drive,São Paulo,Poá,Brazil
127,127,ELAINE STEVENS,ELAINE.STEVENS@sakilacustomer.org,1,801 Hagonoy Drive,Smolensk,Smolensk,Russian Federation
128,128,MARJORIE TUCKER,MARJORIE.TUCKER@sakilacustomer.org,1,1050 Garden Grove Avenue,Slaskie,Jastrzebie-Zdrój,Poland
129,129,CARRIE PORTER,CARRIE.PORTER@sakilacustomer.org,1,1854 Tieli Street,Shandong,Liaocheng,China
130,130,CHARLOTTE HUNTER,CHARLOTTE.HUNTER@sakilacustomer.org,1,758 Junan Lane,Gois,Águas Lindas de Goiás,Brazil
131,131,MONICA HICKS,MONICA.HICKS@sakilacustomer.org,1,1752 So Leopoldo Parkway,Taka-Karpatia,Mukatševe,Ukraine
132,132,ESTHER CRAWFORD,ESTHER.CRAWFORD@sakilacustomer.org,1,898 Belm Manor,Free State,Botshabelo,South Africa
133,133,PAULINE HENRY,PAULINE.HENRY@sakilacustomer.org,1,261 Saint Louis Way,Coahuila de Zaragoza,Torreón,Mexico
134,134,EMMA BOYD,EMMA.BOYD@sakilacustomer.org,1,765 Southampton Drive,al-Qalyubiya,Qalyub,Egypt
135,135,JUANITA MASON,JUANITA.MASON@sakilacustomer.org,1,943 Johannesburg Avenue,Maharashtra,Pune,India
136,136,ANITA MORALES,ANITA.MORALES@sakilacustomer.org,1,788 Atinsk Street,Karnataka,Hubli-Dharwad,India
137,137,RHONDA KENNEDY,RHONDA.KENNEDY@sakilacustomer.org,1,1749 Daxian Place,Gelderland,Apeldoorn,Netherlands
138,138,HAZEL WARREN,HAZEL.WARREN@sakilacustomer.org,1,1587 Sullana Lane,Inner Mongolia,Hohhot,China
139,139,AMBER DIXON,AMBER.DIXON@sakilacustomer.org,1,1029 Dzerzinsk Manor,Ynlin,Touliu,Taiwan
140,140,EVA RAMOS,EVA.RAMOS@sakilacustomer.org,1,1666 Beni-Mellal Place,Tennessee,Clarksville,United States
141,141,DEBBIE REYES,DEBBIE.REYES@sakilacustomer.org,1,928 Jaffna Loop,Hiroshima,Fukuyama,Japan
142,142,APRIL BURNS,APRIL.BURNS@sakilacustomer.org,1,483 Ljubertsy Parkway,Scotland,Dundee,United Kingdom
143,143,LESLIE GORDON,LESLIE.GORDON@sakilacustomer.org,1,374 Bat Yam Boulevard,Kilis,Kilis,Turkey
144,144,CLARA SHAW,CLARA.SHAW@sakilacustomer.org,1,1027 Songkhla Manor,Minsk,Molodetšno,Belarus
145,145,LUCILLE HOLMES,LUCILLE.HOLMES@sakilacustomer.org,1,999 Sanaa Loop,Gauteng,Soshanguve,South Africa
146,146,JAMIE RICE,JAMIE.RICE@sakilacustomer.org,1,879 Newcastle Way,Michigan,Sterling Heights,United States
147,147,JOANNE ROBERTSON,JOANNE.ROBERTSON@sakilacustomer.org,1,1337 Lincoln Parkway,Saitama,Urawa,Japan
148,148,ELEANOR HUNT,ELEANOR.HUNT@sakilacustomer.org,1,1952 Pune Lane,Saint-Denis,Saint-Denis,Réunion
149,149,VALERIE BLACK,VALERIE.BLACK@sakilacustomer.org,1,782 Mosul Street,Massachusetts,Brockton,United States
150,150,DANIELLE DANIELS,DANIELLE.DANIELS@sakilacustomer.org,1,781 Shimonoseki Drive,Michoacn de Ocampo,Hidalgo,Mexico
151,151,MEGAN PALMER,MEGAN.PALMER@sakilacustomer.org,1,1560 Jelets Boulevard,Shandong,Laiwu,China
152,152,ALICIA MILLS,ALICIA.MILLS@sakilacustomer.org,1,1963 Moscow Place,Assam,Nagaon,India
153,153,SUZANNE NICHOLS,SUZANNE.NICHOLS@sakilacustomer.org,1,456 Escobar Way,Jakarta Raya,Jakarta,Indonesia
154,154,MICHELE GRANT,MICHELE.GRANT@sakilacustomer.org,1,798 Cianjur Avenue,Shanxi,Yuncheng,China
155,155,GAIL KNIGHT,GAIL.KNIGHT@sakilacustomer.org,1,185 Novi Sad Place,Bern,Bern,Switzerland
156,156,BERTHA FERGUSON,BERTHA.FERGUSON@sakilacustomer.org,1,1367 Yantai Manor,Ondo & Ekiti,Ondo,Nigeria
157,157,DARLENE ROSE,DARLENE.ROSE@sakilacustomer.org,1,1386 Nakhon Sawan Boulevard,Pyongyang-si,Pyongyang,North Korea
158,158,VERONICA STONE,VERONICA.STONE@sakilacustomer.org,1,369 Papeete Way,North Carolina,Greensboro,United States
159,159,JILL HAWKINS,JILL.HAWKINS@sakilacustomer.org,1,1440 Compton Place,North Austria,Linz,Austria
160,160,ERIN DUNN,ERIN.DUNN@sakilacustomer.org,1,1623 Baha Blanca Manor,Moskova,Ljubertsy,Russian Federation
161,161,GERALDINE PERKINS,GERALDINE.PERKINS@sakilacustomer.org,1,97 Shimoga Avenue,Tel Aviv,Tel Aviv-Jaffa,Israel
162,162,LAUREN HUDSON,LAUREN.HUDSON@sakilacustomer.org,1,1740 Le Mans Loop,Pays de la Loire,Le Mans,France
163,163,CATHY SPENCER,CATHY.SPENCER@sakilacustomer.org,1,1287 Xi´angfan Boulevard,Gifu,Kakamigahara,Japan
164,164,JOANN GARDNER,JOANN.GARDNER@sakilacustomer.org,1,842 Salzburg Lane,Adana,Tarsus,Turkey
165,165,LORRAINE STEPHENS,LORRAINE.STEPHENS@sakilacustomer.org,1,154 Tallahassee Loop,Xinxiang,Hami,China
166,166,LYNN PAYNE,LYNN.PAYNE@sakilacustomer.org,1,710 San Felipe del Progreso Avenue,Lilongwe,Lilongwe,Malawi
167,167,SALLY PIERCE,SALLY.PIERCE@sakilacustomer.org,1,1540 Wroclaw Drive,Maharashtra,Chandrapur,India
168,168,REGINA BERRY,REGINA.BERRY@sakilacustomer.org,1,475 Atinsk Way,Gansu,Jinchang,China
169,169,ERICA MATTHEWS,ERICA.MATTHEWS@sakilacustomer.org,0,1294 Firozabad Drive,Ji´angxi,Pingxiang,China
170,170,BEATRICE ARNOLD,BEATRICE.ARNOLD@sakilacustomer.org,1,1877 Ezhou Lane,Rajasthan,Udaipur,India
171,171,DOLORES WAGNER,DOLORES.WAGNER@sakilacustomer.org,1,316 Uruapan Street,Perak,Ipoh,Malaysia
172,172,BERNICE WILLIS,BERNICE.WILLIS@sakilacustomer.org,1,29 Pyongyang Loop,Batman,Batman,Turkey
173,173,AUDREY RAY,AUDREY.RAY@sakilacustomer.org,1,1010 Klerksdorp Way,Steiermark,Graz,Austria
174,174,YVONNE WATKINS,YVONNE.WATKINS@sakilacustomer.org,1,1848 Salala Boulevard,Miranda,Ocumare del Tuy,Venezuela
175,175,ANNETTE OLSON,ANNETTE.OLSON@sakilacustomer.org,1,431 Xi´angtan Avenue,Kerala,Allappuzha (Alleppey),India
176,176,JUNE CARROLL,JUNE.CARROLL@sakilacustomer.org,1,757 Rustenburg Avenue,Skikda,Skikda,Algeria
177,177,SAMANTHA DUNCAN,SAMANTHA.DUNCAN@sakilacustomer.org,1,146 Johannesburg Way,Tamaulipas,Matamoros,Mexico
178,178,MARION SNYDER,MARION.SNYDER@sakilacustomer.org,1,1891 Rizhao Boulevard,São Paulo,Santa Brbara dOeste,Brazil
179,179,DANA HART,DANA.HART@sakilacustomer.org,1,1089 Iwatsuki Avenue,Kirov,Kirovo-Tšepetsk,Russian Federation
180,180,STACY CUNNINGHAM,STACY.CUNNINGHAM@sakilacustomer.org,1,1410 Benin City Parkway,Risaralda,Pereira,Colombia
181,181,ANA BRADLEY,ANA.BRADLEY@sakilacustomer.org,1,682 Garden Grove Place,Tennessee,Memphis,United States
182,182,RENEE LANE,RENEE.LANE@sakilacustomer.org,1,533 al-Ayn Boulevard,California,Compton,United States
183,183,IDA ANDREWS,IDA.ANDREWS@sakilacustomer.org,1,1839 Szkesfehrvr Parkway,Gois,Luziânia,Brazil
184,184,VIVIAN RUIZ,VIVIAN.RUIZ@sakilacustomer.org,1,741 Ambattur Manor,Noord-Brabant,´s-Hertogenbosch,Netherlands
185,185,ROBERTA HARPER,ROBERTA.HARPER@sakilacustomer.org,1,927 Barcelona Street,Chaharmahal va Bakht,Shahr-e Kord,Iran
186,186,HOLLY FOX,HOLLY.FOX@sakilacustomer.org,1,435 0 Way,West Bengali,Haldia,India
187,187,BRITTANY RILEY,BRITTANY.RILEY@sakilacustomer.org,1,140 Chiayi Parkway,Sumy,Sumy,Ukraine
188,188,MELANIE ARMSTRONG,MELANIE.ARMSTRONG@sakilacustomer.org,1,1166 Changhwa Street,Caraga,Bayugan,Philippines
189,189,LORETTA CARPENTER,LORETTA.CARPENTER@sakilacustomer.org,1,891 Novi Sad Manor,Ontario,Oshawa,Canada
190,190,YOLANDA WEAVER,YOLANDA.WEAVER@sakilacustomer.org,1,605 Rio Claro Parkway,Tabora,Tabora,Tanzania
191,191,JEANETTE GREENE,JEANETTE.GREENE@sakilacustomer.org,1,1077 San Felipe de Puerto Plata Place,Rostov-na-Donu,Novotšerkassk,Russian Federation
192,192,LAURIE LAWRENCE,LAURIE.LAWRENCE@sakilacustomer.org,1,9 San Miguel de Tucumn Manor,Uttar Pradesh,Firozabad,India
193,193,KATIE ELLIOTT,KATIE.ELLIOTT@sakilacustomer.org,1,447 Surakarta Loop,Nyanza,Kisumu,Kenya
194,194,KRISTEN CHAVEZ,KRISTEN.CHAVEZ@sakilacustomer.org,1,345 Oshawa Boulevard,Tokyo-to,Hino,Japan
195,195,VANESSA SIMS,VANESSA.SIMS@sakilacustomer.org,1,1792 Valle de la Pascua Place,Nordrhein-Westfalen,Siegen,Germany
196,196,ALMA AUSTIN,ALMA.AUSTIN@sakilacustomer.org,1,1074 Binzhou Manor,Baden-Wrttemberg,Mannheim,Germany
197,197,SUE PETERS,SUE.PETERS@sakilacustomer.org,1,817 Bradford Loop,Ji´angsu,Changzhou,China
198,198,ELSIE KELLEY,ELSIE.KELLEY@sakilacustomer.org,1,955 Bamenda Way,Ondo & Ekiti,Ikerre,Nigeria
199,199,BETH FRANKLIN,BETH.FRANKLIN@sakilacustomer.org,1,1149 A Corua (La Corua) Boulevard,Haiphong,Haiphong,Vietnam
200,200,JEANNE LAWSON,JEANNE.LAWSON@sakilacustomer.org,1,387 Mwene-Ditu Drive,Ahal,Ashgabat,Turkmenistan
201,201,VICKI FIELDS,VICKI.FIELDS@sakilacustomer.org,1,68 Molodetno Manor,Nordrhein-Westfalen,Witten,Germany
202,202,CARLA GUTIERREZ,CARLA.GUTIERREZ@sakilacustomer.org,1,642 Nador Drive,Maharashtra,Bhusawal,India
203,203,TARA RYAN,TARA.RYAN@sakilacustomer.org,1,1688 Nador Lane,Sulawesi Utara,Gorontalo,Indonesia
204,204,ROSEMARY SCHMIDT,ROSEMARY.SCHMIDT@sakilacustomer.org,1,1215 Pyongyang Parkway,Usak,Usak,Turkey
205,205,EILEEN CARR,EILEEN.CARR@sakilacustomer.org,1,1679 Antofagasta Street,Alto Paran,Ciudad del Este,Paraguay
206,206,TERRI VASQUEZ,TERRI.VASQUEZ@sakilacustomer.org,1,1304 ´s-Hertogenbosch Way,Santa Catarina,Blumenau,Brazil
207,207,GERTRUDE CASTILLO,GERTRUDE.CASTILLO@sakilacustomer.org,1,850 Salala Loop,Kitaa,Nuuk,Greenland
208,208,LUCY WHEELER,LUCY.WHEELER@sakilacustomer.org,1,624 Oshawa Boulevard,West Bengali,Balurghat,India
209,209,TONYA CHAPMAN,TONYA.CHAPMAN@sakilacustomer.org,1,43 Dadu Avenue,Rajasthan,Bhilwara,India
210,210,ELLA OLIVER,ELLA.OLIVER@sakilacustomer.org,1,751 Lima Loop,Aden,Aden,Yemen
211,211,STACEY MONTGOMERY,STACEY.MONTGOMERY@sakilacustomer.org,1,1333 Haldia Street,Jilin,Fuyu,China
212,212,WILMA RICHARDS,WILMA.RICHARDS@sakilacustomer.org,1,660 Jedda Boulevard,Washington,Bellevue,United States
213,213,GINA WILLIAMSON,GINA.WILLIAMSON@sakilacustomer.org,1,1001 Miyakonojo Lane,Taizz,Taizz,Yemen
214,214,KRISTIN JOHNSTON,KRISTIN.JOHNSTON@sakilacustomer.org,1,226 Brest Manor,California,Sunnyvale,United States
215,215,JESSIE BANKS,JESSIE.BANKS@sakilacustomer.org,1,1229 Valencia Parkway,Haskovo,Stara Zagora,Bulgaria
216,216,NATALIE MEYER,NATALIE.MEYER@sakilacustomer.org,1,1201 Qomsheh Manor,Gois,Aparecida de Goiânia,Brazil
217,217,AGNES BISHOP,AGNES.BISHOP@sakilacustomer.org,1,866 Shivapuri Manor,Uttar Pradesh,Sambhal,India
218,218,VERA MCCOY,VERA.MCCOY@sakilacustomer.org,1,1168 Najafabad Parkway,Kabol,Kabul,Afghanistan
219,219,WILLIE HOWELL,WILLIE.HOWELL@sakilacustomer.org,1,1244 Allappuzha (Alleppey) Place,Buenos Aires,Vicente López,Argentina
220,220,CHARLENE ALVAREZ,CHARLENE.ALVAREZ@sakilacustomer.org,1,1842 Luzinia Boulevard,Zanzibar West,Zanzibar,Tanzania
221,221,BESSIE MORRISON,BESSIE.MORRISON@sakilacustomer.org,1,1926 Gingoog Street,Sisilia,Syrakusa,Italy
222,222,DELORES HANSEN,DELORES.HANSEN@sakilacustomer.org,1,810 Palghat (Palakkad) Boulevard,Jaroslavl,Jaroslavl,Russian Federation
223,223,MELINDA FERNANDEZ,MELINDA.FERNANDEZ@sakilacustomer.org,1,1820 Maring Parkway,Punjab,Mandi Bahauddin,Pakistan
224,224,PEARL GARZA,PEARL.GARZA@sakilacustomer.org,1,60 Poos de Caldas Street,Rajasthan,Jodhpur,India
225,225,ARLENE HARVEY,ARLENE.HARVEY@sakilacustomer.org,1,1014 Loja Manor,Tamil Nadu,Ambattur,India
226,226,MAUREEN LITTLE,MAUREEN.LITTLE@sakilacustomer.org,1,201 Effon-Alaiye Way,Asunción,Asunción,Paraguay
227,227,COLLEEN BURTON,COLLEEN.BURTON@sakilacustomer.org,1,430 Alessandria Loop,Saarland,Saarbrücken,Germany
228,228,ALLISON STANLEY,ALLISON.STANLEY@sakilacustomer.org,1,754 Valencia Place,Phnom Penh,Phnom Penh,Cambodia
229,229,TAMARA NGUYEN,TAMARA.NGUYEN@sakilacustomer.org,1,356 Olomouc Manor,Gois,Anápolis,Brazil
230,230,JOY GEORGE,JOY.GEORGE@sakilacustomer.org,1,1256 Bislig Boulevard,Botosani,Botosani,Romania
231,231,GEORGIA JACOBS,GEORGIA.JACOBS@sakilacustomer.org,1,954 Kimchon Place,West Bengali,Uttarpara-Kotrung,India
232,232,CONSTANCE REID,CONSTANCE.REID@sakilacustomer.org,1,885 Yingkou Manor,Kaduna,Zaria,Nigeria
233,233,LILLIE KIM,LILLIE.KIM@sakilacustomer.org,1,1736 Cavite Place,Qina,Idfu,Egypt
234,234,CLAUDIA FULLER,CLAUDIA.FULLER@sakilacustomer.org,1,346 Skikda Parkway,Hawalli,Jalib al-Shuyukh,Kuwait
235,235,JACKIE LYNCH,JACKIE.LYNCH@sakilacustomer.org,1,98 Stara Zagora Boulevard,Valle,Buenaventura,Colombia
236,236,MARCIA DEAN,MARCIA.DEAN@sakilacustomer.org,1,1479 Rustenburg Boulevard,Southern Tagalog,Tanza,Philippines
237,237,TANYA GILBERT,TANYA.GILBERT@sakilacustomer.org,1,647 A Corua (La Corua) Street,Chollanam,Naju,South Korea
238,238,NELLIE GARRETT,NELLIE.GARRETT@sakilacustomer.org,1,1964 Gijn Manor,Karnataka,Shimoga,India
239,239,MINNIE ROMERO,MINNIE.ROMERO@sakilacustomer.org,1,47 Syktyvkar Lane,West Java,Ciomas,Indonesia
240,240,MARLENE WELCH,MARLENE.WELCH@sakilacustomer.org,1,1148 Saarbrcken Parkway,Fukushima,Iwaki,Japan
241,241,HEIDI LARSON,HEIDI.LARSON@sakilacustomer.org,0,1103 Bilbays Parkway,Hubei,Xi´angfan,China
242,242,GLENDA FRAZIER,GLENDA.FRAZIER@sakilacustomer.org,1,1246 Boksburg Parkway,Hebei,Qinhuangdao,China
243,243,LYDIA BURKE,LYDIA.BURKE@sakilacustomer.org,1,1483 Pathankot Street,Tucumn,San Miguel de Tucumán,Argentina
244,244,VIOLA HANSON,VIOLA.HANSON@sakilacustomer.org,1,582 Papeete Loop,Central Visayas,Lapu-Lapu,Philippines
245,245,COURTNEY DAY,COURTNEY.DAY@sakilacustomer.org,1,300 Junan Street,Kyonggi,Uijongbu,South Korea
246,246,MARIAN MENDOZA,MARIAN.MENDOZA@sakilacustomer.org,1,829 Grand Prairie Way,Paraná,Maringá,Brazil
247,247,STELLA MORENO,STELLA.MORENO@sakilacustomer.org,1,1473 Changhwa Parkway,Mxico,Coacalco de Berriozábal,Mexico
248,248,CAROLINE BOWMAN,CAROLINE.BOWMAN@sakilacustomer.org,1,1309 Weifang Street,Florida,Tallahassee,United States
249,249,DORA MEDINA,DORA.MEDINA@sakilacustomer.org,1,1760 Oshawa Manor,Tianjin,Tianjin,China
250,250,JO FOWLER,JO.FOWLER@sakilacustomer.org,1,786 Stara Zagora Way,Oyo & Osun,Oyo,Nigeria
251,251,VICKIE BREWER,VICKIE.BREWER@sakilacustomer.org,1,1966 Tonghae Street,Anhalt Sachsen,Halle/Saale,Germany
252,252,MATTIE HOFFMAN,MATTIE.HOFFMAN@sakilacustomer.org,1,1497 Yuzhou Drive,England,London,United Kingdom
253,253,TERRY CARLSON,TERRY.CARLSON@sakilacustomer.org,1,752 Ondo Loop,Miyazaki,Miyakonojo,Japan
254,254,MAXINE SILVA,MAXINE.SILVA@sakilacustomer.org,1,1338 Zalantun Lane,Minas Gerais,Poços de Caldas,Brazil
255,255,IRMA PEARSON,IRMA.PEARSON@sakilacustomer.org,1,127 Iwakuni Boulevard,Central Luzon,Hagonoy,Philippines
256,256,MABEL HOLLAND,MABEL.HOLLAND@sakilacustomer.org,1,51 Laredo Avenue,Sagaing,Monywa,Myanmar
257,257,MARSHA DOUGLAS,MARSHA.DOUGLAS@sakilacustomer.org,1,771 Yaound Manor,Sofala,Beira,Mozambique
258,258,MYRTLE FLEMING,MYRTLE.FLEMING@sakilacustomer.org,1,532 Toulon Street,Santiago,Santiago de los Caballeros,Dominican Republic
259,259,LENA JENSEN,LENA.JENSEN@sakilacustomer.org,1,1027 Banjul Place,West Bengali,Halisahar,India
260,260,CHRISTY VARGAS,CHRISTY.VARGAS@sakilacustomer.org,1,1158 Mandi Bahauddin Parkway,Shanxi,Datong,China
261,261,DEANNA BYRD,DEANNA.BYRD@sakilacustomer.org,1,862 Xintai Lane,Cagayan Valley,Tuguegarao,Philippines
262,262,PATSY DAVIDSON,PATSY.DAVIDSON@sakilacustomer.org,1,816 Cayenne Parkway,Manab,Portoviejo,Ecuador
263,263,HILDA HOPKINS,HILDA.HOPKINS@sakilacustomer.org,1,1831 Nam Dinh Loop,National Capital Reg,Mandaluyong,Philippines
264,264,GWENDOLYN MAY,GWENDOLYN.MAY@sakilacustomer.org,1,446 Kirovo-Tepetsk Lane,Osaka,Higashiosaka,Japan
265,265,JENNIE TERRY,JENNIE.TERRY@sakilacustomer.org,1,682 Halisahar Place,Severn Morava,Olomouc,Czech Republic
266,266,NORA HERRERA,NORA.HERRERA@sakilacustomer.org,1,1587 Loja Manor,Salzburg,Salzburg,Austria
267,267,MARGIE WADE,MARGIE.WADE@sakilacustomer.org,1,1762 Paarl Parkway,Hunan,Lengshuijiang,China
268,268,NINA SOTO,NINA.SOTO@sakilacustomer.org,1,1519 Ilorin Place,Kerala,Palghat (Palakkad),India
269,269,CASSANDRA WALTERS,CASSANDRA.WALTERS@sakilacustomer.org,1,920 Kumbakonam Loop,California,Salinas,United States
270,270,LEAH CURTIS,LEAH.CURTIS@sakilacustomer.org,1,906 Goinia Way,Wielkopolskie,Kalisz,Poland
271,271,PENNY NEAL,PENNY.NEAL@sakilacustomer.org,0,1675 Xi´angfan Manor,Tamil Nadu,Kumbakonam,India
272,272,KAY CALDWELL,KAY.CALDWELL@sakilacustomer.org,1,85 San Felipe de Puerto Plata Drive,Shandong,Yantai,China
273,273,PRISCILLA LOWE,PRISCILLA.LOWE@sakilacustomer.org,1,144 South Hill Loop,Guanajuato,Salamanca,Mexico
274,274,NAOMI JENNINGS,NAOMI.JENNINGS@sakilacustomer.org,1,1884 Shikarpur Avenue,Haryana,Karnal,India
275,275,CAROLE BARNETT,CAROLE.BARNETT@sakilacustomer.org,1,1980 Kamjanets-Podilskyi Street,Illinois,Peoria,United States
276,276,BRANDY GRAVES,BRANDY.GRAVES@sakilacustomer.org,1,1944 Bamenda Way,Michigan,Warren,United States
277,277,OLGA JIMENEZ,OLGA.JIMENEZ@sakilacustomer.org,1,556 Baybay Manor,Oyo & Osun,Ogbomosho,Nigeria
278,278,BILLIE HORTON,BILLIE.HORTON@sakilacustomer.org,1,457 Tongliao Loop,Bursa,Inegöl,Turkey
279,279,DIANNE SHELTON,DIANNE.SHELTON@sakilacustomer.org,1,600 Bradford Street,East Azerbaidzan,Tabriz,Iran
280,280,TRACEY BARRETT,TRACEY.BARRETT@sakilacustomer.org,1,1006 Santa Brbara dOeste Manor,Ondo & Ekiti,Owo,Nigeria
281,281,LEONA OBRIEN,LEONA.OBRIEN@sakilacustomer.org,1,1308 Sumy Loop,Fujian,Fuzhou,China
282,282,JENNY CASTRO,JENNY.CASTRO@sakilacustomer.org,1,1405 Chisinau Place,Ponce,Ponce,Puerto Rico
283,283,FELICIA SUTTON,FELICIA.SUTTON@sakilacustomer.org,1,226 Halifax Street,Xinxiang,Korla,China
284,284,SONIA GREGORY,SONIA.GREGORY@sakilacustomer.org,1,1279 Udine Parkway,Edo & Delta,Benin City,Nigeria
285,285,MIRIAM MCKINNEY,MIRIAM.MCKINNEY@sakilacustomer.org,1,1336 Benin City Drive,Shiga,Otsu,Japan
286,286,VELMA LUCAS,VELMA.LUCAS@sakilacustomer.org,1,1155 Liaocheng Place,Oyo & Osun,Effon-Alaiye,Nigeria
287,287,BECKY MILES,BECKY.MILES@sakilacustomer.org,1,1993 Tabuk Lane,Tamil Nadu,Tambaram,India
288,288,BOBBIE CRAIG,BOBBIE.CRAIG@sakilacustomer.org,1,86 Higashiosaka Lane,Guanajuato,Valle de Santiago,Mexico
289,289,VIOLET RODRIQUEZ,VIOLET.RODRIQUEZ@sakilacustomer.org,1,1912 Allende Manor,Kowloon and New Kowl,Kowloon and New Kowloon,Hong Kong
290,290,KRISTINA CHAMBERS,KRISTINA.CHAMBERS@sakilacustomer.org,1,544 Tarsus Boulevard,Gurico,Valle de la Pascua,Venezuela
291,291,TONI HOLT,TONI.HOLT@sakilacustomer.org,1,1936 Cuman Avenue,Virginia,Roanoke,United States
292,292,MISTY LAMBERT,MISTY.LAMBERT@sakilacustomer.org,1,1192 Tongliao Street,Sharja,Sharja,United Arab Emirates
293,293,MAE FLETCHER,MAE.FLETCHER@sakilacustomer.org,1,44 Najafabad Way,Baskimaa,Donostia-San Sebastián,Spain
294,294,SHELLY WATTS,SHELLY.WATTS@sakilacustomer.org,1,32 Pudukkottai Lane,Ohio,Dayton,United States
295,295,DAISY BATES,DAISY.BATES@sakilacustomer.org,1,661 Chisinau Lane,Pietari,Kolpino,Russian Federation
296,296,RAMONA HALE,RAMONA.HALE@sakilacustomer.org,1,951 Stara Zagora Manor,Punjab,Patiala,India
297,297,SHERRI RHODES,SHERRI.RHODES@sakilacustomer.org,1,922 Vila Velha Loop,Maharashtra,Ahmadnagar,India
298,298,ERIKA PENA,ERIKA.PENA@sakilacustomer.org,1,898 Jining Lane,Pohjois-Pohjanmaa,Oulu,Finland
299,299,JAMES GANNON,JAMES.GANNON@sakilacustomer.org,1,1635 Kuwana Boulevard,Hiroshima,Hiroshima,Japan
300,300,JOHN FARNSWORTH,JOHN.FARNSWORTH@sakilacustomer.org,1,41 El Alto Parkway,Maharashtra,Parbhani,India
301,301,ROBERT BAUGHMAN,ROBERT.BAUGHMAN@sakilacustomer.org,1,1883 Maikop Lane,Kaliningrad,Kaliningrad,Russian Federation
302,302,MICHAEL SILVERMAN,MICHAEL.SILVERMAN@sakilacustomer.org,1,1908 Gaziantep Place,Liaoning,Tiefa,China
303,303,WILLIAM SATTERFIELD,WILLIAM.SATTERFIELD@sakilacustomer.org,1,687 Alessandria Parkway,Sanaa,Sanaa,Yemen
304,304,DAVID ROYAL,DAVID.ROYAL@sakilacustomer.org,1,827 Yuncheng Drive,Callao,Callao,Peru
305,305,RICHARD MCCRARY,RICHARD.MCCRARY@sakilacustomer.org,1,913 Coacalco de Berriozbal Loop,Texas,Arlington,United States
306,306,CHARLES KOWALSKI,CHARLES.KOWALSKI@sakilacustomer.org,1,715 So Bernardo do Campo Lane,Kedah,Sungai Petani,Malaysia
307,307,JOSEPH JOY,JOSEPH.JOY@sakilacustomer.org,1,1354 Siegen Street,Rio de Janeiro,Angra dos Reis,Brazil
308,308,THOMAS GRIGSBY,THOMAS.GRIGSBY@sakilacustomer.org,1,1191 Sungai Petani Boulevard,Missouri,Kansas City,United States
309,309,CHRISTOPHER GRECO,CHRISTOPHER.GRECO@sakilacustomer.org,1,1224 Huejutla de Reyes Boulevard,Lombardia,Brescia,Italy
310,310,DANIEL CABRAL,DANIEL.CABRAL@sakilacustomer.org,1,543 Bergamo Avenue,Minas Gerais,Ibirité,Brazil
311,311,PAUL TROUT,PAUL.TROUT@sakilacustomer.org,1,746 Joliet Lane,Kursk,Kursk,Russian Federation
312,312,MARK RINEHART,MARK.RINEHART@sakilacustomer.org,1,780 Kimberley Way,Tabuk,Tabuk,Saudi Arabia
313,313,DONALD MAHON,DONALD.MAHON@sakilacustomer.org,1,1774 Yaound Place,Hubei,Ezhou,China
314,314,GEORGE LINTON,GEORGE.LINTON@sakilacustomer.org,1,1957 Yantai Lane,São Paulo,Sorocaba,Brazil
315,315,KENNETH GOODEN,KENNETH.GOODEN@sakilacustomer.org,0,1542 Lubumbashi Boulevard,Tel Aviv,Bat Yam,Israel
316,316,STEVEN CURLEY,STEVEN.CURLEY@sakilacustomer.org,1,651 Pathankot Loop,Maharashtra,Miraj,India
317,317,EDWARD BAUGH,EDWARD.BAUGH@sakilacustomer.org,1,1359 Zhoushan Parkway,Streymoyar,Tórshavn,Faroe Islands
318,318,BRIAN WYMAN,BRIAN.WYMAN@sakilacustomer.org,1,1769 Iwaki Lane,Kujawsko-Pomorskie,Bydgoszcz,Poland
319,319,RONALD WEINER,RONALD.WEINER@sakilacustomer.org,1,1145 Vilnius Manor,Mxico,San Felipe del Progreso,Mexico
320,320,ANTHONY SCHWAB,ANTHONY.SCHWAB@sakilacustomer.org,1,1892 Nabereznyje Telny Lane,Tutuila,Tafuna,American Samoa
321,321,KEVIN SCHULER,KEVIN.SCHULER@sakilacustomer.org,1,470 Boksburg Street,Central,Birgunj,Nepal
322,322,JASON MORRISSEY,JASON.MORRISSEY@sakilacustomer.org,1,1427 A Corua (La Corua) Place,Buenos Aires,Bahía Blanca,Argentina
323,323,MATTHEW MAHAN,MATTHEW.MAHAN@sakilacustomer.org,1,479 San Felipe del Progreso Avenue,Morelos,Cuautla,Mexico
324,324,GARY COY,GARY.COY@sakilacustomer.org,1,867 Benin City Avenue,Henan,Yuzhou,China
325,325,TIMOTHY BUNN,TIMOTHY.BUNN@sakilacustomer.org,1,981 Kumbakonam Place,Distrito Federal,Brasília,Brazil
326,326,JOSE ANDREW,JOSE.ANDREW@sakilacustomer.org,1,1016 Iwakuni Street,St George,Kingstown,Saint Vincent and the Grenadines
327,327,LARRY THRASHER,LARRY.THRASHER@sakilacustomer.org,1,663 Baha Blanca Parkway,Adana,Adana,Turkey
328,328,JEFFREY SPEAR,JEFFREY.SPEAR@sakilacustomer.org,1,1860 Taguig Loop,West Java,Ciparay,Indonesia
329,329,FRANK WAGGONER,FRANK.WAGGONER@sakilacustomer.org,1,1816 Bydgoszcz Loop,Dhaka,Jamalpur,Bangladesh
330,330,SCOTT SHELLEY,SCOTT.SHELLEY@sakilacustomer.org,1,587 Benguela Manor,Illinois,Aurora,United States
331,331,ERIC ROBERT,ERIC.ROBERT@sakilacustomer.org,1,430 Kumbakonam Drive,Santa Fé,Santa Fé,Argentina
332,332,STEPHEN QUALLS,STEPHEN.QUALLS@sakilacustomer.org,1,1838 Tabriz Lane,Dhaka,Dhaka,Bangladesh
333,333,ANDREW PURDY,ANDREW.PURDY@sakilacustomer.org,1,431 Szkesfehrvr Avenue,Baki,Baku,Azerbaijan
334,334,RAYMOND MCWHORTER,RAYMOND.MCWHORTER@sakilacustomer.org,1,503 Sogamoso Loop,Sumqayit,Sumqayit,Azerbaijan
335,335,GREGORY MAULDIN,GREGORY.MAULDIN@sakilacustomer.org,1,507 Smolensk Loop,Sousse,Sousse,Tunisia
336,336,JOSHUA MARK,JOSHUA.MARK@sakilacustomer.org,1,1920 Weifang Avenue,Uttar Pradesh,Rampur,India
337,337,JERRY JORDON,JERRY.JORDON@sakilacustomer.org,1,124 al-Manama Way,Hiroshima,Onomichi,Japan
338,338,DENNIS GILMAN,DENNIS.GILMAN@sakilacustomer.org,1,1443 Mardan Street,Western Cape,Paarl,South Africa
339,339,WALTER PERRYMAN,WALTER.PERRYMAN@sakilacustomer.org,1,1909 Benguela Lane,Henan,Xinxiang,China
340,340,PATRICK NEWSOM,PATRICK.NEWSOM@sakilacustomer.org,1,68 Ponce Parkway,Hanoi,Hanoi,Vietnam
341,341,PETER MENARD,PETER.MENARD@sakilacustomer.org,1,1217 Konotop Avenue,Gelderland,Ede,Netherlands
342,342,HAROLD MARTINO,HAROLD.MARTINO@sakilacustomer.org,1,1293 Nam Dinh Way,Roraima,Boa Vista,Brazil
343,343,DOUGLAS GRAF,DOUGLAS.GRAF@sakilacustomer.org,1,785 Vaduz Street,Baja California,Mexicali,Mexico
344,344,HENRY BILLINGSLEY,HENRY.BILLINGSLEY@sakilacustomer.org,1,1516 Escobar Drive,Tongatapu,Nuku´alofa,Tonga
345,345,CARL ARTIS,CARL.ARTIS@sakilacustomer.org,1,1628 Nagareyama Lane,Central,San Lorenzo,Paraguay
346,346,ARTHUR SIMPKINS,ARTHUR.SIMPKINS@sakilacustomer.org,1,1157 Nyeri Loop,Adygea,Maikop,Russian Federation
347,347,RYAN SALISBURY,RYAN.SALISBURY@sakilacustomer.org,1,1673 Tangail Drive,Daugavpils,Daugavpils,Latvia
348,348,ROGER QUINTANILLA,ROGER.QUINTANILLA@sakilacustomer.org,1,381 Kabul Way,Taipei,Hsichuh,Taiwan
349,349,JOE GILLILAND,JOE.GILLILAND@sakilacustomer.org,1,953 Hodeida Street,Southern Tagalog,Imus,Philippines
350,350,JUAN FRALEY,JUAN.FRALEY@sakilacustomer.org,1,469 Nakhon Sawan Street,Tuvassia,Tšeboksary,Russian Federation
351,351,JACK FOUST,JACK.FOUST@sakilacustomer.org,1,1378 Beira Loop,Krasnojarsk,Zeleznogorsk,Russian Federation
352,352,ALBERT CROUSE,ALBERT.CROUSE@sakilacustomer.org,1,1641 Changhwa Place,Nord-Ouest,Bamenda,Cameroon
353,353,JONATHAN SCARBOROUGH,JONATHAN.SCARBOROUGH@sakilacustomer.org,1,1698 Southport Loop,Hidalgo,Pachuca de Soto,Mexico
354,354,JUSTIN NGO,JUSTIN.NGO@sakilacustomer.org,1,519 Nyeri Manor,São Paulo,Santo André,Brazil
355,355,TERRY GRISSOM,TERRY.GRISSOM@sakilacustomer.org,1,619 Hunuco Avenue,Shimane,Matsue,Japan
356,356,GERALD FULTZ,GERALD.FULTZ@sakilacustomer.org,1,45 Aparecida de Goinia Place,Madhya Pradesh,Satna,India
357,357,KEITH RICO,KEITH.RICO@sakilacustomer.org,1,482 Kowloon and New Kowloon Manor,Bratislava,Bratislava,Slovakia
358,358,SAMUEL MARLOW,SAMUEL.MARLOW@sakilacustomer.org,1,604 Bern Place,Jharkhand,Ranchi,India
359,359,WILLIE MARKHAM,WILLIE.MARKHAM@sakilacustomer.org,1,1623 Kingstown Drive,Buenos Aires,Almirante Brown,Argentina
360,360,RALPH MADRIGAL,RALPH.MADRIGAL@sakilacustomer.org,1,1009 Zanzibar Lane,Arecibo,Arecibo,Puerto Rico
361,361,LAWRENCE LAWTON,LAWRENCE.LAWTON@sakilacustomer.org,1,114 Jalib al-Shuyukh Manor,Centre,Yaoundé,Cameroon
362,362,NICHOLAS BARFIELD,NICHOLAS.BARFIELD@sakilacustomer.org,1,1163 London Parkway,Par,Belém,Brazil
363,363,ROY WHITING,ROY.WHITING@sakilacustomer.org,1,1658 Jastrzebie-Zdrj Loop,Central,Nyeri,Kenya
364,364,BENJAMIN VARNEY,BENJAMIN.VARNEY@sakilacustomer.org,1,817 Laredo Avenue,Jalisco,Guadalajara,Mexico
365,365,BRUCE SCHWARZ,BRUCE.SCHWARZ@sakilacustomer.org,1,1565 Tangail Manor,Okinawa,Okinawa,Japan
366,366,BRANDON HUEY,BRANDON.HUEY@sakilacustomer.org,1,1912 Emeishan Drive,Balikesir,Balikesir,Turkey
367,367,ADAM GOOCH,ADAM.GOOCH@sakilacustomer.org,1,230 Urawa Drive,Andhra Pradesh,Adoni,India
368,368,HARRY ARCE,HARRY.ARCE@sakilacustomer.org,0,1922 Miraj Way,Esfahan,Najafabad,Iran
369,369,FRED WHEAT,FRED.WHEAT@sakilacustomer.org,1,433 Florencia Street,Chihuahua,Juárez,Mexico
370,370,WAYNE TRUONG,WAYNE.TRUONG@sakilacustomer.org,1,1049 Matamoros Parkway,Karnataka,Gulbarga,India
371,371,BILLY POULIN,BILLY.POULIN@sakilacustomer.org,1,1061 Ede Avenue,Southern Tagalog,Cabuyao,Philippines
372,372,STEVE MACKENZIE,STEVE.MACKENZIE@sakilacustomer.org,1,154 Oshawa Manor,East Java,Probolinggo,Indonesia
373,373,LOUIS LEONE,LOUIS.LEONE@sakilacustomer.org,1,1191 Tandil Drive,Southern Tagalog,Tanauan,Philippines
374,374,JEREMY HURTADO,JEREMY.HURTADO@sakilacustomer.org,1,1133 Rizhao Avenue,Pernambuco,Vitória de Santo Antão,Brazil
375,375,AARON SELBY,AARON.SELBY@sakilacustomer.org,1,1519 Santiago de los Caballeros Loop,East Kasai,Mwene-Ditu,"Congo, The Democratic Republic of the"
376,376,RANDY GAITHER,RANDY.GAITHER@sakilacustomer.org,1,1618 Olomouc Manor,Kurgan,Kurgan,Russian Federation
377,377,HOWARD FORTNER,HOWARD.FORTNER@sakilacustomer.org,1,220 Hidalgo Drive,Kermanshah,Kermanshah,Iran
378,378,EUGENE CULPEPPER,EUGENE.CULPEPPER@sakilacustomer.org,1,686 Donostia-San Sebastin Lane,Guangdong,Shenzhen,China
379,379,CARLOS COUGHLIN,CARLOS.COUGHLIN@sakilacustomer.org,1,97 Mogiljov Lane,Gujarat,Bhavnagar,India
380,380,RUSSELL BRINSON,RUSSELL.BRINSON@sakilacustomer.org,1,1642 Charlotte Amalie Drive,Slaskie,Tychy,Poland
381,381,BOBBY BOUDREAU,BOBBY.BOUDREAU@sakilacustomer.org,1,1368 Maracabo Boulevard,,South Hill,Anguilla
382,382,VICTOR BARKLEY,VICTOR.BARKLEY@sakilacustomer.org,1,401 Sucre Boulevard,New Hampshire,Manchester,United States
383,383,MARTIN BALES,MARTIN.BALES@sakilacustomer.org,1,368 Hunuco Boulevard,Namibe,Namibe,Angola
384,384,ERNEST STEPP,ERNEST.STEPP@sakilacustomer.org,1,500 Lincoln Parkway,Ji´angsu,Huai´an,China
385,385,PHILLIP HOLM,PHILLIP.HOLM@sakilacustomer.org,1,102 Chapra Drive,Ibaragi,Tama,Japan
386,386,TODD TAN,TODD.TAN@sakilacustomer.org,1,1793 Meixian Place,Hmelnytskyi,Kamjanets-Podilskyi,Ukraine
387,387,JESSE SCHILLING,JESSE.SCHILLING@sakilacustomer.org,1,514 Ife Way,Shaba,Lubumbashi,"Congo, The Democratic Republic of the"
388,388,CRAIG MORRELL,CRAIG.MORRELL@sakilacustomer.org,1,717 Changzhou Lane,Southern Tagalog,Cavite,Philippines
389,389,ALAN KAHN,ALAN.KAHN@sakilacustomer.org,1,753 Ilorin Avenue,Sichuan,Emeishan,China
390,390,SHAWN HEATON,SHAWN.HEATON@sakilacustomer.org,1,1337 Mit Ghamr Avenue,Nakhon Sawan,Nakhon Sawan,Thailand
391,391,CLARENCE GAMEZ,CLARENCE.GAMEZ@sakilacustomer.org,1,767 Pyongyang Drive,Osaka,Izumisano,Japan
392,392,SEAN DOUGLASS,SEAN.DOUGLASS@sakilacustomer.org,1,614 Pak Kret Street,Addis Abeba,Addis Abeba,Ethiopia
393,393,PHILIP CAUSEY,PHILIP.CAUSEY@sakilacustomer.org,1,954 Lapu-Lapu Way,Moskova,Korolev,Russian Federation
394,394,CHRIS BROTHERS,CHRIS.BROTHERS@sakilacustomer.org,1,331 Bydgoszcz Parkway,Asturia,Gijón,Spain
395,395,JOHNNY TURPIN,JOHNNY.TURPIN@sakilacustomer.org,1,1152 Citrus Heights Manor,al-Qadarif,al-Qadarif,Sudan
396,396,EARL SHANKS,EARL.SHANKS@sakilacustomer.org,1,168 Cianjur Manor,Saitama,Iwatsuki,Japan
397,397,JIMMY SCHRADER,JIMMY.SCHRADER@sakilacustomer.org,1,616 Hagonoy Avenue,Krasnojarsk,Atšinsk,Russian Federation
398,398,ANTONIO MEEK,ANTONIO.MEEK@sakilacustomer.org,1,1190 0 Place,Rio Grande do Sul,Bagé,Brazil
399,399,DANNY ISOM,DANNY.ISOM@sakilacustomer.org,1,734 Bchar Place,Punjab,Okara,Pakistan
400,400,BRYAN HARDISON,BRYAN.HARDISON@sakilacustomer.org,1,530 Lausanne Lane,Texas,Dallas,United States
401,401,TONY CARRANZA,TONY.CARRANZA@sakilacustomer.org,1,454 Patiala Lane,Fukushima,Koriyama,Japan
402,402,LUIS YANEZ,LUIS.YANEZ@sakilacustomer.org,1,1346 Mysore Drive,Bretagne,Brest,France
403,403,MIKE WAY,MIKE.WAY@sakilacustomer.org,1,990 Etawah Loop,Tamil Nadu,Valparai,India
404,404,STANLEY SCROGGINS,STANLEY.SCROGGINS@sakilacustomer.org,1,1266 Laredo Parkway,Saitama,Omiya,Japan
405,405,LEONARD SCHOFIELD,LEONARD.SCHOFIELD@sakilacustomer.org,1,88 Nagaon Manor,Buenos Aires,Tandil,Argentina
406,406,NATHAN RUNYON,NATHAN.RUNYON@sakilacustomer.org,0,264 Bhimavaram Manor,St Thomas,Charlotte Amalie,"Virgin Islands, U.S."
407,407,DALE RATCLIFF,DALE.RATCLIFF@sakilacustomer.org,1,1639 Saarbrcken Drive,North West,Rustenburg,South Africa
408,408,MANUEL MURRELL,MANUEL.MURRELL@sakilacustomer.org,1,692 Amroha Drive,Northern,Jaffna,Sri Lanka
409,409,RODNEY MOELLER,RODNEY.MOELLER@sakilacustomer.org,1,1936 Lapu-Lapu Parkway,Bauchi & Gombe,Deba Habe,Nigeria
410,410,CURTIS IRBY,CURTIS.IRBY@sakilacustomer.org,1,432 Garden Grove Street,Ontario,Richmond Hill,Canada
411,411,NORMAN CURRIER,NORMAN.CURRIER@sakilacustomer.org,1,1445 Carmen Parkway,West Java,Cianjur,Indonesia
412,412,ALLEN BUTTERFIELD,ALLEN.BUTTERFIELD@sakilacustomer.org,1,791 Salinas Street,Punjab,Hoshiarpur,India
413,413,MARVIN YEE,MARVIN.YEE@sakilacustomer.org,1,126 Acua Parkway,West Bengali,Berhampore (Baharampur),India
414,414,VINCENT RALSTON,VINCENT.RALSTON@sakilacustomer.org,1,397 Sunnyvale Avenue,Guanajuato,Allende,Mexico
415,415,GLENN PULLEN,GLENN.PULLEN@sakilacustomer.org,1,992 Klerksdorp Loop,Utrecht,Amersfoort,Netherlands
416,416,JEFFERY PINSON,JEFFERY.PINSON@sakilacustomer.org,1,966 Arecibo Loop,Sind,Dadu,Pakistan
417,417,TRAVIS ESTEP,TRAVIS.ESTEP@sakilacustomer.org,1,289 Santo Andr Manor,al-Sharqiya,al-Qatif,Saudi Arabia
418,418,JEFF EAST,JEFF.EAST@sakilacustomer.org,1,437 Chungho Drive,Puerto Plata,San Felipe de Puerto Plata,Dominican Republic
419,419,CHAD CARBONE,CHAD.CARBONE@sakilacustomer.org,1,1948 Bayugan Parkway,Bihar,Katihar,India
420,420,JACOB LANCE,JACOB.LANCE@sakilacustomer.org,1,1866 al-Qatif Avenue,California,El Monte,United States
421,421,LEE HAWKS,LEE.HAWKS@sakilacustomer.org,1,1661 Abha Drive,Tamil Nadu,Pudukkottai,India
422,422,MELVIN ELLINGTON,MELVIN.ELLINGTON@sakilacustomer.org,1,1557 Cape Coral Parkway,Hubei,Laohekou,China
423,423,ALFRED CASILLAS,ALFRED.CASILLAS@sakilacustomer.org,1,1727 Matamoros Place,Sawhaj,Sawhaj,Egypt
424,424,KYLE SPURLOCK,KYLE.SPURLOCK@sakilacustomer.org,1,1269 Botosani Manor,Guangdong,Shanwei,China
425,425,FRANCIS SIKES,FRANCIS.SIKES@sakilacustomer.org,1,355 Vitria de Santo Anto Way,Oaxaca,San Juan Bautista Tuxtepec,Mexico
426,426,BRADLEY MOTLEY,BRADLEY.MOTLEY@sakilacustomer.org,1,1596 Acua Parkway,Jharkhand,Purnea (Purnia),India
427,427,JESUS MCCARTNEY,JESUS.MCCARTNEY@sakilacustomer.org,1,259 Ipoh Drive,São Paulo,Guarujá,Brazil
428,428,HERBERT KRUGER,HERBERT.KRUGER@sakilacustomer.org,1,1823 Hoshiarpur Lane,Komi,Syktyvkar,Russian Federation
429,429,FREDERICK ISBELL,FREDERICK.ISBELL@sakilacustomer.org,1,1404 Taguig Drive,Okayama,Tsuyama,Japan
430,430,RAY HOULE,RAY.HOULE@sakilacustomer.org,1,740 Udaipur Lane,Nizni Novgorod,Dzerzinsk,Russian Federation
431,431,JOEL FRANCISCO,JOEL.FRANCISCO@sakilacustomer.org,1,287 Cuautla Boulevard,Chuquisaca,Sucre,Bolivia
432,432,EDWIN BURK,EDWIN.BURK@sakilacustomer.org,1,1766 Almirante Brown Street,KwaZulu-Natal,Newcastle,South Africa
433,433,DON BONE,DON.BONE@sakilacustomer.org,1,596 Huixquilucan Place,Nampula,Naçala-Porto,Mozambique
434,434,EDDIE TOMLIN,EDDIE.TOMLIN@sakilacustomer.org,1,1351 Aparecida de Goinia Parkway,Northern Mindanao,Ozamis,Philippines
435,435,RICKY SHELBY,RICKY.SHELBY@sakilacustomer.org,1,722 Bradford Lane,Shandong,Junan,China
436,436,TROY QUIGLEY,TROY.QUIGLEY@sakilacustomer.org,1,983 Santa F Way,British Colombia,Vancouver,Canada
437,437,RANDALL NEUMANN,RANDALL.NEUMANN@sakilacustomer.org,1,1245 Ibirit Way,La Romana,La Romana,Dominican Republic
438,438,BARRY LOVELACE,BARRY.LOVELACE@sakilacustomer.org,1,1836 Korla Parkway,Copperbelt,Kitwe,Zambia
439,439,ALEXANDER FENNELL,ALEXANDER.FENNELL@sakilacustomer.org,1,231 Kaliningrad Place,Lombardia,Bergamo,Italy
440,440,BERNARD COLBY,BERNARD.COLBY@sakilacustomer.org,1,495 Bhimavaram Lane,Maharashtra,Dhule (Dhulia),India
441,441,MARIO CHEATHAM,MARIO.CHEATHAM@sakilacustomer.org,1,1924 Shimonoseki Drive,Batna,Batna,Algeria
442,442,LEROY BUSTAMANTE,LEROY.BUSTAMANTE@sakilacustomer.org,1,105 Dzerzinsk Manor,Inner Mongolia,Tongliao,China
443,443,FRANCISCO SKIDMORE,FRANCISCO.SKIDMORE@sakilacustomer.org,1,614 Denizli Parkway,Rio Grande do Sul,São Leopoldo,Brazil
444,444,MARCUS HIDALGO,MARCUS.HIDALGO@sakilacustomer.org,1,1289 Belm Boulevard,Tartumaa,Tartu,Estonia
445,445,MICHEAL FORMAN,MICHEAL.FORMAN@sakilacustomer.org,1,203 Tambaram Street,Buenos Aires,Escobar,Argentina
446,446,THEODORE CULP,THEODORE.CULP@sakilacustomer.org,0,1704 Tambaram Manor,West Bengali,Uluberia,India
447,447,CLIFFORD BOWENS,CLIFFORD.BOWENS@sakilacustomer.org,1,207 Cuernavaca Loop,Tatarstan,Nabereznyje Tšelny,Russian Federation
448,448,MIGUEL BETANCOURT,MIGUEL.BETANCOURT@sakilacustomer.org,1,319 Springs Loop,Baijeri,Erlangen,Germany
449,449,OSCAR AQUINO,OSCAR.AQUINO@sakilacustomer.org,1,956 Nam Dinh Manor,Kerman,Sirjan,Iran
450,450,JAY ROBB,JAY.ROBB@sakilacustomer.org,1,1947 Paarl Way,Central Java,Surakarta,Indonesia
451,451,JIM REA,JIM.REA@sakilacustomer.org,1,814 Simferopol Loop,Sinaloa,El Fuerte,Mexico
452,452,TOM MILNER,TOM.MILNER@sakilacustomer.org,1,535 Ahmadnagar Manor,Abu Dhabi,Abu Dhabi,United Arab Emirates
453,453,CALVIN MARTEL,CALVIN.MARTEL@sakilacustomer.org,1,138 Caracas Boulevard,Zulia,Maracaíbo,Venezuela
454,454,ALEX GRESHAM,ALEX.GRESHAM@sakilacustomer.org,1,251 Florencia Drive,Michoacn de Ocampo,Uruapan,Mexico
455,455,JON WILES,JON.WILES@sakilacustomer.org,1,659 Gatineau Boulevard,La Paz,El Alto,Bolivia
456,456,RONNIE RICKETTS,RONNIE.RICKETTS@sakilacustomer.org,1,1889 Valparai Way,Ziguinchor,Ziguinchor,Senegal
457,457,BILL GAVIN,BILL.GAVIN@sakilacustomer.org,1,1485 Bratislava Place,Illinois,Rockford,United States
458,458,LLOYD DOWD,LLOYD.DOWD@sakilacustomer.org,1,935 Aden Boulevard,Central Java,Tegal,Indonesia
459,459,TOMMY COLLAZO,TOMMY.COLLAZO@sakilacustomer.org,1,76 Kermanshah Manor,Esfahan,Qomsheh,Iran
460,460,LEON BOSTIC,LEON.BOSTIC@sakilacustomer.org,1,734 Tanshui Avenue,Caquet,Florencia,Colombia
461,461,DEREK BLAKELY,DEREK.BLAKELY@sakilacustomer.org,1,118 Jaffna Loop,Northern Mindanao,Gingoog,Philippines
462,462,WARREN SHERROD,WARREN.SHERROD@sakilacustomer.org,1,1621 Tongliao Avenue,Irkutsk,Usolje-Sibirskoje,Russian Federation
463,463,DARRELL POWER,DARRELL.POWER@sakilacustomer.org,1,1844 Usak Avenue,Nova Scotia,Halifax,Canada
464,464,JEROME KENYON,JEROME.KENYON@sakilacustomer.org,1,1872 Toulon Loop,OHiggins,Rancagua,Chile
465,465,FLOYD GANDY,FLOYD.GANDY@sakilacustomer.org,1,1088 Ibirit Place,Jalisco,Zapopan,Mexico
466,466,LEO EBERT,LEO.EBERT@sakilacustomer.org,1,1322 Mosul Parkway,Shandong,Dongying,China
467,467,ALVIN DELOACH,ALVIN.DELOACH@sakilacustomer.org,1,1447 Chatsworth Place,Chihuahua,Cuauhtémoc,Mexico
468,468,TIM CARY,TIM.CARY@sakilacustomer.org,1,1257 Guadalajara Street,Karnataka,Bijapur,India
469,469,WESLEY BULL,WESLEY.BULL@sakilacustomer.org,1,1469 Plock Lane,Galicia,Ourense (Orense),Spain
470,470,GORDON ALLARD,GORDON.ALLARD@sakilacustomer.org,1,434 Ourense (Orense) Manor,Hodeida,Hodeida,Yemen
471,471,DEAN SAUER,DEAN.SAUER@sakilacustomer.org,1,270 Tambaram Parkway,Gauteng,Johannesburg,South Africa
472,472,GREG ROBINS,GREG.ROBINS@sakilacustomer.org,1,1786 Salinas Place,Nam Ha,Nam Dinh,Vietnam
473,473,JORGE OLIVARES,JORGE.OLIVARES@sakilacustomer.org,1,1078 Stara Zagora Drive,Aceh,Lhokseumawe,Indonesia
474,474,DUSTIN GILLETTE,DUSTIN.GILLETTE@sakilacustomer.org,1,1854 Okara Boulevard,Drenthe,Emmen,Netherlands
475,475,PEDRO CHESTNUT,PEDRO.CHESTNUT@sakilacustomer.org,1,421 Yaound Street,Sumy,Šostka,Ukraine
476,476,DERRICK BOURQUE,DERRICK.BOURQUE@sakilacustomer.org,1,1153 Allende Way,Québec,Gatineau,Canada
477,477,DAN PAINE,DAN.PAINE@sakilacustomer.org,1,808 Naala-Porto Parkway,England,Stockport,United Kingdom
478,478,LEWIS LYMAN,LEWIS.LYMAN@sakilacustomer.org,1,632 Usolje-Sibirskoje Parkway,Ha Darom,Ashqelon,Israel
479,479,ZACHARY HITE,ZACHARY.HITE@sakilacustomer.org,1,98 Pyongyang Boulevard,Ohio,Akron,United States
480,480,COREY HAUSER,COREY.HAUSER@sakilacustomer.org,1,984 Novoterkassk Loop,Gaziantep,Gaziantep,Turkey
481,481,HERMAN DEVORE,HERMAN.DEVORE@sakilacustomer.org,1,64 Korla Street,Mwanza,Mwanza,Tanzania
482,482,MAURICE CRAWLEY,MAURICE.CRAWLEY@sakilacustomer.org,0,1785 So Bernardo do Campo Street,Veracruz,Coatzacoalcos,Mexico
483,483,VERNON CHAPA,VERNON.CHAPA@sakilacustomer.org,1,698 Jelets Boulevard,Denizli,Denizli,Turkey
484,484,ROBERTO VU,ROBERTO.VU@sakilacustomer.org,1,1297 Alvorada Parkway,Ningxia,Yinchuan,China
485,485,CLYDE TOBIAS,CLYDE.TOBIAS@sakilacustomer.org,1,1909 Dayton Avenue,Guangdong,Shaoguan,China
486,486,GLEN TALBERT,GLEN.TALBERT@sakilacustomer.org,1,1789 Saint-Denis Parkway,Coahuila de Zaragoza,Acuña,Mexico
487,487,HECTOR POINDEXTER,HECTOR.POINDEXTER@sakilacustomer.org,1,185 Mannheim Lane,Stavropol,Pjatigorsk,Russian Federation
488,488,SHANE MILLARD,SHANE.MILLARD@sakilacustomer.org,1,184 Mandaluyong Street,Baja California Sur,La Paz,Mexico
489,489,RICARDO MEADOR,RICARDO.MEADOR@sakilacustomer.org,1,591 Sungai Petani Drive,Okayama,Okayama,Japan
490,490,SAM MCDUFFIE,SAM.MCDUFFIE@sakilacustomer.org,1,656 Matamoros Drive,Boyac,Sogamoso,Colombia
491,491,RICK MATTOX,RICK.MATTOX@sakilacustomer.org,1,775 ostka Drive,al-Daqahliya,Mit Ghamr,Egypt
492,492,LESTER KRAUS,LESTER.KRAUS@sakilacustomer.org,1,1013 Tabuk Boulevard,West Bengali,Kanchrapara,India
493,493,BRENT HARKINS,BRENT.HARKINS@sakilacustomer.org,1,319 Plock Parkway,Istanbul,Sultanbeyli,Turkey
494,494,RAMON CHOATE,RAMON.CHOATE@sakilacustomer.org,1,1954 Kowloon and New Kowloon Way,Chimborazo,Ríobamba,Ecuador
495,495,CHARLIE BESS,CHARLIE.BESS@sakilacustomer.org,1,362 Rajkot Lane,Gansu,Baiyin,China
496,496,TYLER WREN,TYLER.WREN@sakilacustomer.org,1,1060 Tandil Lane,Shandong,Rizhao,China
497,497,GILBERT SLEDGE,GILBERT.SLEDGE@sakilacustomer.org,1,1515 Korla Way,England,York,United Kingdom
498,498,GENE SANBORN,GENE.SANBORN@sakilacustomer.org,1,1416 San Juan Bautista Tuxtepec Avenue,Zufar,Salala,Oman
499,499,MARC OUTLAW,MARC.OUTLAW@sakilacustomer.org,1,1 Valle de Santiago Avenue,Apulia,Brindisi,Italy
500,500,REGINALD KINDER,REGINALD.KINDER@sakilacustomer.org,1,519 Brescia Parkway,East Java,Madiun,Indonesia
501,501,RUBEN GEARY,RUBEN.GEARY@sakilacustomer.org,1,414 Mandaluyong Street,Lubelskie,Lublin,Poland
502,502,BRETT CORNWELL,BRETT.CORNWELL@sakilacustomer.org,1,1197 Sokoto Boulevard,West Bengali,Siliguri (Shiliguri),India
503,503,ANGEL BARCLAY,ANGEL.BARCLAY@sakilacustomer.org,1,496 Celaya Drive,Nagano,Ueda,Japan
504,504,NATHANIEL ADAM,NATHANIEL.ADAM@sakilacustomer.org,1,786 Matsue Way,Illinois,Joliet,United States
505,505,RAFAEL ABNEY,RAFAEL.ABNEY@sakilacustomer.org,1,48 Maracabo Place,Central Luzon,Talavera,Philippines
506,506,LESLIE SEWARD,LESLIE.SEWARD@sakilacustomer.org,1,1152 al-Qatif Lane,Kalimantan Barat,Pontianak,Indonesia
507,507,EDGAR RHOADS,EDGAR.RHOADS@sakilacustomer.org,1,1269 Ipoh Avenue,Eskisehir,Eskisehir,Turkey
508,508,MILTON HOWLAND,MILTON.HOWLAND@sakilacustomer.org,1,758 Korolev Parkway,Andhra Pradesh,Vijayawada,India
509,509,RAUL FORTIER,RAUL.FORTIER@sakilacustomer.org,1,1747 Rustenburg Place,Bihar,Chapra,India
510,510,BEN EASTER,BEN.EASTER@sakilacustomer.org,0,886 Tonghae Place,Volgograd,Kamyšin,Russian Federation
511,511,CHESTER BENNER,CHESTER.BENNER@sakilacustomer.org,1,1574 Goinia Boulevard,Heilongjiang,Suihua,China
512,512,CECIL VINES,CECIL.VINES@sakilacustomer.org,1,548 Uruapan Street,Ontario,London,United Kingdom
513,513,DUANE TUBBS,DUANE.TUBBS@sakilacustomer.org,1,962 Tama Loop,,Yangor,Nauru
514,514,FRANKLIN TROUTMAN,FRANKLIN.TROUTMAN@sakilacustomer.org,1,1778 Gijn Manor,Hubei,Zaoyang,China
515,515,ANDRE RAPP,ANDRE.RAPP@sakilacustomer.org,1,568 Dhule (Dhulia) Loop,Coquimbo,Coquimbo,Chile
516,516,ELMER NOE,ELMER.NOE@sakilacustomer.org,1,1768 Udine Loop,Battambang,Battambang,Cambodia
517,517,BRAD MCCURDY,BRAD.MCCURDY@sakilacustomer.org,1,608 Birgunj Parkway,Taipei,Chungho,Taiwan
518,518,GABRIEL HARDER,GABRIEL.HARDER@sakilacustomer.org,1,680 A Corua (La Corua) Manor,Sivas,Sivas,Turkey
519,519,RON DELUCA,RON.DELUCA@sakilacustomer.org,1,1949 Sanya Street,Gumma,Isesaki,Japan
520,520,MITCHELL WESTMORELAND,MITCHELL.WESTMORELAND@sakilacustomer.org,1,617 Klerksdorp Place,Khanh Hoa,Nha Trang,Vietnam
521,521,ROLAND SOUTH,ROLAND.SOUTH@sakilacustomer.org,1,1993 0 Loop,Liaoning,Yingkou,China
522,522,ARNOLD HAVENS,ARNOLD.HAVENS@sakilacustomer.org,1,1176 Southend-on-Sea Manor,Southern Tagalog,Santa Rosa,Philippines
523,523,HARVEY GUAJARDO,HARVEY.GUAJARDO@sakilacustomer.org,1,600 Purnea (Purnia) Avenue,Nghe An,Vinh,Vietnam
524,524,JARED ELY,JARED.ELY@sakilacustomer.org,1,1003 Qinhuangdao Street,West Java,Purwakarta,Indonesia
525,525,ADRIAN CLARY,ADRIAN.CLARY@sakilacustomer.org,1,1986 Sivas Place,Friuli-Venezia Giuli,Udine,Italy
526,526,KARL SEAL,KARL.SEAL@sakilacustomer.org,1,1427 Tabuk Place,Florida,Cape Coral,United States
527,527,CORY MEEHAN,CORY.MEEHAN@sakilacustomer.org,1,556 Asuncin Way,Mogiljov,Mogiljov,Belarus
528,528,CLAUDE HERZOG,CLAUDE.HERZOG@sakilacustomer.org,1,486 Ondo Parkway,Benguela,Benguela,Angola
529,529,ERIK GUILLEN,ERIK.GUILLEN@sakilacustomer.org,1,635 Brest Manor,Andhra Pradesh,Bhimavaram,India
530,530,DARRYL ASHCRAFT,DARRYL.ASHCRAFT@sakilacustomer.org,1,166 Jinchang Street,Buenos Aires,Ezeiza,Argentina
531,531,JAMIE WAUGH,JAMIE.WAUGH@sakilacustomer.org,1,958 Sagamihara Lane,Mie,Kuwana,Japan
532,532,NEIL RENNER,NEIL.RENNER@sakilacustomer.org,1,1817 Livorno Way,Khanh Hoa,Cam Ranh,Vietnam
533,533,JESSIE MILAM,JESSIE.MILAM@sakilacustomer.org,1,1332 Gaziantep Lane,Shandong,Binzhou,China
534,534,CHRISTIAN JUNG,CHRISTIAN.JUNG@sakilacustomer.org,0,949 Allende Lane,Uttar Pradesh,Amroha,India
535,535,JAVIER ELROD,JAVIER.ELROD@sakilacustomer.org,1,195 Ilorin Street,Chari-Baguirmi,NDjamna,Chad
536,536,FERNANDO CHURCHILL,FERNANDO.CHURCHILL@sakilacustomer.org,1,193 Bhusawal Place,Kang-won,Tonghae,South Korea
537,537,CLINTON BUFORD,CLINTON.BUFORD@sakilacustomer.org,1,43 Vilnius Manor,Colorado,Aurora,United States
538,538,TED BREAUX,TED.BREAUX@sakilacustomer.org,1,183 Haiphong Street,Jilin,Baicheng,China
539,539,MATHEW BOLIN,MATHEW.BOLIN@sakilacustomer.org,1,163 Augusta-Richmond County Loop,Carabobo,Valencia,Venezuela
540,540,TYRONE ASHER,TYRONE.ASHER@sakilacustomer.org,1,191 Jos Azueta Parkway,Ruse,Ruse,Bulgaria
541,541,DARREN WINDHAM,DARREN.WINDHAM@sakilacustomer.org,1,379 Lublin Parkway,Toscana,Livorno,Italy
542,542,LONNIE TIRADO,LONNIE.TIRADO@sakilacustomer.org,1,1658 Cuman Loop,Sumatera Selatan,Pangkal Pinang,Indonesia
543,543,LANCE PEMBERTON,LANCE.PEMBERTON@sakilacustomer.org,1,454 Qinhuangdao Drive,Tadla-Azilal,Beni-Mellal,Morocco
544,544,CODY NOLEN,CODY.NOLEN@sakilacustomer.org,1,1715 Okayama Street,São Paulo,São Bernardo do Campo,Brazil
545,545,JULIO NOLAND,JULIO.NOLAND@sakilacustomer.org,1,182 Nuku´alofa Drive,Sumy,Konotop,Ukraine
546,546,KELLY KNOTT,KELLY.KNOTT@sakilacustomer.org,1,390 Wroclaw Way,Hainan,Sanya,China
547,547,KURT EMMONS,KURT.EMMONS@sakilacustomer.org,1,1421 Quilmes Lane,Ishikawa,Kanazawa,Japan
548,548,ALLAN CORNISH,ALLAN.CORNISH@sakilacustomer.org,1,947 Trshavn Place,Central Luzon,Tarlac,Philippines
549,549,NELSON CHRISTENSON,NELSON.CHRISTENSON@sakilacustomer.org,1,1764 Jalib al-Shuyukh Parkway,Galicia,Santiago de Compostela,Spain
550,550,GUY BROWNLEE,GUY.BROWNLEE@sakilacustomer.org,1,346 Cam Ranh Avenue,Zhejiang,Zhoushan,China
551,551,CLAYTON BARBEE,CLAYTON.BARBEE@sakilacustomer.org,1,1407 Pachuca de Soto Place,Rio Grande do Sul,Alvorada,Brazil
552,552,HUGH WALDROP,HUGH.WALDROP@sakilacustomer.org,1,904 Clarksville Drive,Zhejiang,Haining,China
553,553,MAX PITT,MAX.PITT@sakilacustomer.org,1,1917 Kumbakonam Parkway,Vojvodina,Novi Sad,Yugoslavia
554,554,DWAYNE OLVERA,DWAYNE.OLVERA@sakilacustomer.org,1,1447 Imus Place,Gujarat,Rajkot,India
555,555,DWIGHT LOMBARDI,DWIGHT.LOMBARDI@sakilacustomer.org,1,1497 Fengshan Drive,KwaZulu-Natal,Chatsworth,South Africa
556,556,ARMANDO GRUBER,ARMANDO.GRUBER@sakilacustomer.org,1,869 Shikarpur Way,England,Southport,United Kingdom
557,557,FELIX GAFFNEY,FELIX.GAFFNEY@sakilacustomer.org,1,1059 Yuncheng Avenue,Vilna,Vilnius,Lithuania
558,558,JIMMIE EGGLESTON,JIMMIE.EGGLESTON@sakilacustomer.org,0,505 Madiun Boulevard,Dolnoslaskie,Wroclaw,Poland
559,559,EVERETT BANDA,EVERETT.BANDA@sakilacustomer.org,1,1741 Hoshiarpur Boulevard,al-Sharqiya,Bilbays,Egypt
560,560,JORDAN ARCHULETA,JORDAN.ARCHULETA@sakilacustomer.org,1,1229 Varanasi (Benares) Manor,Buenos Aires,Avellaneda,Argentina
561,561,IAN STILL,IAN.STILL@sakilacustomer.org,1,1894 Boa Vista Way,Texas,Garland,United States
562,562,WALLACE SLONE,WALLACE.SLONE@sakilacustomer.org,1,1342 Sharja Way,Sokoto & Kebbi & Zam,Sokoto,Nigeria
563,563,KEN PREWITT,KEN.PREWITT@sakilacustomer.org,1,1342 Abha Boulevard,Bukarest,Bucuresti,Romania
564,564,BOB PFEIFFER,BOB.PFEIFFER@sakilacustomer.org,1,415 Pune Avenue,Shandong,Xintai,China
565,565,JAIME NETTLES,JAIME.NETTLES@sakilacustomer.org,1,1746 Faaa Way,Huánuco,Huánuco,Peru
566,566,CASEY MENA,CASEY.MENA@sakilacustomer.org,1,539 Hami Way,Tokat,Tokat,Turkey
567,567,ALFREDO MCADAMS,ALFREDO.MCADAMS@sakilacustomer.org,1,1407 Surakarta Manor,Moskova,Serpuhov,Russian Federation
568,568,ALBERTO HENNING,ALBERTO.HENNING@sakilacustomer.org,1,502 Mandi Bahauddin Parkway,Anzotegui,Barcelona,Venezuela
569,569,DAVE GARDINER,DAVE.GARDINER@sakilacustomer.org,1,1052 Pathankot Avenue,Sichuan,Leshan,China
570,570,IVAN CROMWELL,IVAN.CROMWELL@sakilacustomer.org,1,1351 Sousse Lane,Coahuila de Zaragoza,Monclova,Mexico
571,571,JOHNNIE CHISHOLM,JOHNNIE.CHISHOLM@sakilacustomer.org,1,1501 Pangkal Pinang Avenue,Mazowieckie,Plock,Poland
572,572,SIDNEY BURLESON,SIDNEY.BURLESON@sakilacustomer.org,1,1405 Hagonoy Avenue,Slaskie,Czestochowa,Poland
573,573,BYRON BOX,BYRON.BOX@sakilacustomer.org,1,521 San Juan Bautista Tuxtepec Place,Qaraghandy,Zhezqazghan,Kazakstan
574,574,JULIAN VEST,JULIAN.VEST@sakilacustomer.org,1,923 Tangail Boulevard,Tokyo-to,Akishima,Japan
575,575,ISAAC OGLESBY,ISAAC.OGLESBY@sakilacustomer.org,1,186 Skikda Lane,Morelos,Cuernavaca,Mexico
576,576,MORRIS MCCARTER,MORRIS.MCCARTER@sakilacustomer.org,1,1568 Celaya Parkway,Kaohsiung,Fengshan,Taiwan
577,577,CLIFTON MALCOLM,CLIFTON.MALCOLM@sakilacustomer.org,1,1489 Kakamigahara Lane,Taipei,Tanshui,Taiwan
578,578,WILLARD LUMPKIN,WILLARD.LUMPKIN@sakilacustomer.org,1,1819 Alessandria Loop,Campeche,Carmen,Mexico
579,579,DARYL LARUE,DARYL.LARUE@sakilacustomer.org,1,1208 Tama Loop,Ninawa,Mosul,Iraq
580,580,ROSS GREY,ROSS.GREY@sakilacustomer.org,1,951 Springs Lane,Central Mindanao,Iligan,Philippines
581,581,VIRGIL WOFFORD,VIRGIL.WOFFORD@sakilacustomer.org,1,760 Miyakonojo Drive,Guerrero,José Azueta,Mexico
582,582,ANDY VANHORN,ANDY.VANHORN@sakilacustomer.org,1,966 Asuncin Way,Hidalgo,Huejutla de Reyes,Mexico
583,583,MARSHALL THORN,MARSHALL.THORN@sakilacustomer.org,1,1584 Ljubertsy Lane,England,Southampton,United Kingdom
584,584,SALVADOR TEEL,SALVADOR.TEEL@sakilacustomer.org,1,247 Jining Parkway,Banjul,Banjul,Gambia
585,585,PERRY SWAFFORD,PERRY.SWAFFORD@sakilacustomer.org,1,773 Dallas Manor,Buenos Aires,Quilmes,Argentina
586,586,KIRK STCLAIR,KIRK.STCLAIR@sakilacustomer.org,1,1923 Stara Zagora Lane,Nantou,Tsaotun,Taiwan
587,587,SERGIO STANFIELD,SERGIO.STANFIELD@sakilacustomer.org,1,1402 Zanzibar Boulevard,Guanajuato,Celaya,Mexico
588,588,MARION OCAMPO,MARION.OCAMPO@sakilacustomer.org,1,1464 Kursk Parkway,Shandong,Weifang,China
589,589,TRACY HERRMANN,TRACY.HERRMANN@sakilacustomer.org,1,1074 Sanaa Parkway,Loja,Loja,Ecuador
590,590,SETH HANNON,SETH.HANNON@sakilacustomer.org,1,1759 Niznekamsk Avenue,al-Manama,al-Manama,Bahrain
591,591,KENT ARSENAULT,KENT.ARSENAULT@sakilacustomer.org,1,32 Liaocheng Way,Minas Gerais,Juiz de Fora,Brazil
592,592,TERRANCE ROUSH,TERRANCE.ROUSH@sakilacustomer.org,0,42 Fontana Avenue,Fejr,Székesfehérvár,Hungary
593,593,RENE MCALISTER,RENE.MCALISTER@sakilacustomer.org,1,1895 Zhezqazghan Drive,California,Garden Grove,United States
594,594,EDUARDO HIATT,EDUARDO.HIATT@sakilacustomer.org,1,1837 Kaduna Parkway,Inner Mongolia,Jining,China
595,595,TERRENCE GUNDERSON,TERRENCE.GUNDERSON@sakilacustomer.org,1,844 Bucuresti Place,Liaoning,Jinzhou,China
596,596,ENRIQUE FORSYTHE,ENRIQUE.FORSYTHE@sakilacustomer.org,1,1101 Bucuresti Boulevard,West Greece,Patras,Greece
597,597,FREDDIE DUGGAN,FREDDIE.DUGGAN@sakilacustomer.org,1,1103 Quilmes Boulevard,Piura,Sullana,Peru
598,598,WADE DELVALLE,WADE.DELVALLE@sakilacustomer.org,1,1331 Usak Boulevard,Vaud,Lausanne,Switzerland
599,599,AUSTIN CINTRON,AUSTIN.CINTRON@sakilacustomer.org,1,1325 Fukuyama Street,Heilongjiang,Tieli,China
